"EXPERT.tempo_adj","EXPERT.macrometer_ord","EXPERT.syncopate","EXPERT.accent","EXPERT.dynamics","EXPERT.ritard_accel","EXPERT.micrometer_duple","EXPERT.micrometer_triple","EXPERT.macrometer_duple","EXPERT.macrometer_triple","EXPERT.variation_rhythmic","EXPERT.variation_melodic","EXPERT.ornament","EXPERT.vibrato","EXPERT.tension","EXPERT.scale_quality_minor","TRANSCRIPTION.mean_interval","TRANSCRIPTION.distance_btwn_modal_intervals","TRANSCRIPTION.common_intervals_count","TRANSCRIPTION.stepwise_motion","TRANSCRIPTION.melodic_thirds","TRANSCRIPTION.duration_of_melodic_arcs","TRANSCRIPTION.size_of_melodic_arcs","TRANSCRIPTION.rel_strength_top_pitchcls","TRANSCRIPTION.interval_btwn_strongest_pitchcls","TRANSCRIPTION.pitch_class_variety","TRANSCRIPTION.range","TRANSCRIPTION.note_density","TRANSCRIPTION.average_note_duration","TRANSCRIPTION.modal_interval_prevalence","TRANSCRIPTION.rel_strength_modal_intervals","TRANSCRIPTION.amount_of_arpeggiation","TRANSCRIPTION.direction_of_motion","TRANSCRIPTION.modal_pitchcls_prev","TRANSCRIPTION.initial_tempo","TRANSCRIPTION.quality"
-0.257772419298586,-0.84421721536515,-1.12899575530487,-0.698099220785714,-0.636676351622559,-0.34567578382615,-0.0682615163169551,-0.688292465373569,-0.571076780437988,-0.701105207813499,-0.837941239653545,-1.58605382711799,-0.860803254743224,0.345496968211787,-2.65308060862678,-1.13691863606405,-2.00671888949178,-1.61075873630597,-2.1512366984054,-1.38043862016997,-1.39621435268074,-3.54435856648815,-2.66860945156286,-2.86043227519819,0.174573318451878,-2.21473732456377,-2.13311979874425,-1.14338930540631,1.0742677953087,3.00956243133374,-2.03260944984827,1.70541741350026,-3.61338069961748,3.50167947307341,-0.3608066446678,-0.679237540455205
-1.65152641376172,-1.44769356598102,-1.47277300951535,-0.526738742601215,0.426176311248704,-0.0752805040332504,-0.207959503198165,-0.327041549153644,-1.80281101275522,-0.323751946115714,0.866107331742739,-0.035245640602622,-0.744621220360703,-0.108290094514142,-0.992439141345357,0.0437371584758373,0.185614963862925,-0.304336904094676,1.15066148984475,1.6599704396546,0.0483106149428897,0.0864356742194851,-0.682404827267214,1.2928809264685,-0.97761058333052,-0.110019348736429,-0.934213050544929,-1.00851847235144,2.58635474003466,0.610354178026264,-1.3844058089335,-1.43887451440493,-1.05620425576904,-0.503024023456128,-1.44807002442641,-0.679237540455205
-0.297795760355804,-0.240740864749276,1.19150071061586,1.01550556105927,2.40004554229534,-0.480873423722599,-1.74463735889147,1.23837908779936,0.660657451879241,-0.701105207813499,1.33084785121445,1.36048172726121,0.649563192229549,0.458943733893269,1.0456208412273,1.41388092004065,-0.401328125002877,0.348874012010971,0.0500287604280325,-0.714143674171185,0.29211933823476,0.156038947221993,0.212868736227416,-1.44830578663152,1.71081852082841,-0.110019348736429,1.12105566065391,-0.551687965478902,-0.125820770382183,0.231465010774644,-0.734658897627612,0.700537534601725,-0.936128153212874,0.998254407298725,-0.121605385945235,1.45550901526115
-0.074135913271348,0.362735485866599,1.10555639706324,1.10118580015152,-0.636676351622559,-0.616071063619049,0.909624391851515,-0.929126409520186,0.907004298342687,-0.889781838662392,0.866107331742739,0.740158452655063,1.81138353605476,-0.221736860195624,-0.615020626054124,1.61794488452902,-1.14006750773696,-0.957547820200323,-1.05060396898868,-0.255842433629703,-1.13628193488693,-0.673178264144563,-1.0223190934634,-0.680215260136077,-1.36167188392465,1.15281143675997,1.12105566065391,0.641623924949904,-0.787272319825,0.90475957347874,-0.816875406790185,0.385231621431613,0.62376713600497,1.20361658763154,-0.273800273546882,1.45550901526115
-0.3971478187449,-1.19359826045855,-0.785218501094388,-1.29786089443146,1.03352069003228,-0.2104781439297,0.350832444326675,-0.688292465373569,-0.817423626901434,-0.512428576964606,0.711193825252168,1.82572418321582,0.0686530203169443,-0.902417454284517,-0.615020626054124,0.00302488969859974,0.847906684925732,-0.957547820200323,1.15066148984475,0.297893329264386,1.00580071714569,0.268117529522247,0.248807732704513,1.0951041389858,-0.209487982142254,0.731867841594506,0.4359660902543,-0.196749781553043,0.168689949262362,-0.896860998204926,0.0226281955304129,-0.394536617654689,0.0904876667685211,-0.839563980836547,-0.535468786021534,1.45550901526115
2.34092032296017,-0.272502777939585,1.7931109054842,0.929825321967025,1.03352069003228,-0.480873423722599,-0.766751450723005,1.11796211572606,-0.201556510742819,0.242277946430965,1.17593434472388,1.20540090860967,-1.09316732350827,-0.902417454284517,0.89465343511081,-0.524726742598925,-0.0692126124820439,-0.957547820200323,-1.05060396898868,2.3587878755972,-1.17804284925679,-0.614616666659117,-1.28430108053179,0.283664568875664,-0.97761058333052,1.57375503192544,-0.249123480145315,1.78826268306609,-0.398640799699459,0.710414884148394,-0.511793381636078,-2.25767822728843,0.382898440703649,-0.85784759095128,2.30542941683773,-0.679237540455205
-0.975995324932486,0.33097357267629,-0.35549693333129,-1.29786089443146,-0.940348541014348,-0.480873423722599,-2.02403333265389,1.7200469760926,0.291137182184072,0.430954577279857,-1.45759526561583,-1.43097300846645,-1.44171342665583,-0.902417454284517,0.819169732052563,1.61794488452902,1.97888492734033,-0.957547820200323,1.15066148984475,0.0553799831202862,2.46941589353117,0.724831080283873,1.1031732388868,0.915307127419389,1.71081852082841,-0.110019348736429,-0.762940657945026,-0.780746985030892,0.213786038602269,-1.15503201991842,1.07313128679894,0.0349309110973315,-1.50713151264276,-0.785968373192768,-1.07570437197394,1.45550901526115
-1.42833742951323,-0.0501693856074203,-0.871162814647008,-0.612418981693465,0.729848500640494,0.0599171358631994,0.909624391851515,-0.929126409520186,-0.0783830875110965,0.996984469826535,-0.373200720181831,0.274915996700452,0.184835054699465,-0.675523922921553,0.517234919819576,-1.13691863606405,0.744670243489046,-0.957547820200323,1.15066148984475,1.2056375900552,0.0413266639284717,0.321025938360151,-0.141418720801975,0.799130442876708,-1.36167188392465,0.310924246429039,1.63487283845363,0.0263326953523893,0.65859087870642,-1.12531894392978,1.16999666483683,-1.66437166290534,1.34424987750356,-1.18051799677241,-1.33298835526145,-0.679237540455205
0.058647406471424,1.0614975760534,-0.44144124688391,1.01550556105927,1.03352069003228,0.0599171358631994,0.909624391851515,-1.04954338159349,1.15335114480613,-0.701105207813499,-0.21828721369126,-0.810649733860307,0.184835054699465,0.118603436848822,0.66820232593607,-1.00573465889295,-1.24222219266892,-0.957547820200323,-1.05060396898868,-0.832357345005205,-0.663844291537331,-0.316610682397526,-0.39688328543433,1.01019463455357,-0.209487982142254,-0.951906539067365,0.607238482854204,0.406866513534545,-0.593385054017376,1.49436927156112,-1.3892586760456,1.0411895897571,-0.440804982651051,-0.131629091105567,-0.129862413880727,-0.679237540455205
-0.154182595385785,-0.208978951558967,0.847723456405384,-1.12650041624696,-0.333004162230769,-0.0752805040332504,-0.627053463841795,0.515877255359514,-0.447903357206265,1.56301436237321,-0.373200720181831,-0.65556891520877,-1.09316732350827,-0.335183625877106,-0.0866347046463969,1.52294959071547,-0.768864883774597,-0.304336904094676,0.0500287604280325,-0.56439143444084,-0.441848409569916,0.650957655659916,0.392099409078741,0.202636252564124,0.942695919640144,-0.110019348736429,-0.0778510875454108,-0.696676302072765,0.187795354333672,0.763998215023672,-0.895991953466482,0.731652777206413,-0.641526740213739,-0.152929732935143,-0.478331880229707,-0.679237540455205
1.62803323875036,-1.0030267813167,0.675834829300145,1.01550556105927,0.729848500640494,0.330312415656099,0.0714364705642553,-0.567875493300261,-0.940597050133157,-0.135075315266821,-0.21828721369126,-0.65556891520877,0.881927260994592,0.00515667116734013,-0.0111510015881505,1.5077503437053,-0.239384187910596,0.348874012010971,-1.05060396898868,-1.05841612378647,1.06628817304766,-0.67058660753082,-0.147335887218625,-2.24038788530325,1.71081852082841,0.310924246429039,1.12105566065391,-0.0574229871791493,-0.363081542737608,0.20748208712191,-0.364451042428466,1.1424461526483,0.819870368780379,1.82554305754146,1.46644706694393,1.45550901526115
-0.377842442470241,0.997973749672783,-1.47277300951535,-1.38354113352371,-1.24402073040614,-0.751268703515499,0.909624391851515,-0.567875493300261,1.03017772157441,-0.889781838662392,-1.30268175912526,-1.27589218981492,-1.09316732350827,-0.788970688603035,-0.0866347046463969,-1.04508985204428,0.136136508650703,-0.304336904094676,0.0500287604280325,1.24595851656923,-1.08810956830623,0.506861865419188,-0.0861363503965097,0.514134701155993,1.71081852082841,-0.110019348736429,-0.591668265345122,0.0615781699127215,-0.445997802907316,-0.0940141100407533,-0.123898991331951,-1.11131468747813,-0.740992995886182,-0.999709477031761,-0.244144117695841,-0.679237540455205
1.23109586802994,1.0614975760534,1.27744502416848,0.672784604690277,0.27434021655281,-0.616071063619049,-0.906449437604215,1.35879605987267,1.15335114480613,-0.701105207813499,-1.30268175912526,-0.345407277905696,-0.860803254743224,0.232050202530304,2.55529490239224,-1.13691863606405,-0.305541925081894,1.00208492811662,0.0500287604280325,-0.709760204811048,1.01132720620968,0.108504341646733,0.22978899796263,-0.378574285097043,1.32675722023428,-0.110019348736429,-0.0778510875454108,0.858392307938643,-0.804814505662609,0.0916065424806965,-0.528777025483483,0.934757695724374,-0.898353770033745,0.326974798815774,1.43975597860636,-0.679237540455205
-0.0811988558108571,-1.0030267813167,-0.0117196791208117,0.0730229310445309,-0.484840256926664,-0.616071063619049,1.04932237873272,-0.688292465373569,-1.31011731982833,0.242277946430965,0.0915397992898831,-0.345407277905696,-1.09316732350827,-0.675523922921553,-1.29437395357834,-0.677774715965207,-1.40966663107398,1.65529584422226,-2.1512366984054,-1.26374548199529,-1.39621435268074,0.622610754157265,1.71840678607069,-1.93140169280081,0.174573318451878,-1.37285013423283,-0.0778510875454108,-0.136705564059504,-0.312712519498248,2.29877812212724,-1.72904081017617,1.27096858185144,1.83218787712294,2.2753396683202,-0.170787141654884,-0.679237540455205
0.97023785690407,-0.304264691129894,-0.0976639926734313,1.10118580015152,-1.24402073040614,3.16946285348154,0.490530431207885,0.0342093670662807,1.27652456803786,-0.323751946115714,0.711193825252168,-0.345407277905696,0.417199123464507,0.345496968211787,-0.0111510015881505,-0.510813290474717,-0.0990577230934889,-0.304336904094676,0.0500287604280325,0.990544480521123,-0.561144112097043,-0.00814342194474369,-0.451447868600161,-0.343806152689515,1.32675722023428,-0.951906539067365,-1.10548544314483,1.03033978673289,-0.892661036724137,0.287953397057459,0.0721752995395776,-0.860182133693502,-0.855798387251001,0.236375904080557,0.831791739555232,-0.679237540455205
1.36317289351876,0.553306965008454,2.2228324732473,0.501424126505778,1.03352069003228,-0.751268703515499,-2.02403333265389,1.84046394816591,0.291137182184072,-0.512428576964606,0.556280318761597,0.740158452655063,0.301017089081986,-0.788970688603035,0.0643327014700964,-0.728790707087301,0.585857965953358,-0.304336904094676,1.15066148984475,0.876114895957055,-0.312976887387862,-0.453214856724321,-0.504945080562657,0.254552626051825,-0.97761058333052,0.731867841594506,1.63487283845363,2.15197428334486,-0.148589237778907,0.0427355257662428,-0.766083956672589,-1.29038083748139,-0.405854951896453,-0.617055036947492,1.75441047773689,-0.679237540455205
-0.371014931348715,1.60145010028866,1.62122227837896,1.01550556105927,-1.24402073040614,-0.751268703515499,-0.627053463841795,0.515877255359514,0.167963758952349,1.56301436237321,0.401366812271026,-0.190326459254159,-0.39607511721314,-0.675523922921553,0.517234919819576,-0.153038807280811,-0.696542190599763,-0.304336904094676,-1.05060396898868,0.131521896769564,-0.393631160749152,0.0365586364931467,-0.566448188691933,0.178577438247093,-0.97761058333052,-0.110019348736429,-0.420395872745218,1.5473143181447,-0.65126747325134,-0.0507836157799381,0.292016834176177,0.0686780763378809,-1.11947460584998,-0.415747783970765,-0.230717020468646,1.45550901526115
0.0982012351272886,1.31559288157588,-0.183608306226051,0.158703170136781,-1.09218463571024,-0.751268703515499,0.350832444326675,0.636294227432822,-1.55646416629177,0.430954577279857,-1.6125087721064,-0.965730552511843,2.0437476048198,0.799284030937715,1.72497416875152,-0.861432284004746,-0.163658742374093,-0.957547820200323,-1.05060396898868,2.46689129467664,-0.635469771655334,1.2228839450815,-0.682677842497583,1.07805437296164,-1.36167188392465,1.15281143675997,-0.0778510875454108,-0.4398391249836,-0.0947884976509069,0.0101276817861051,0.844620872772996,-2.27336593580923,0.57771128740389,-0.660443984035378,-1.13067043181146,1.45550901526115
1.94947562372486,0.807402270530928,-0.269552619778671,1.01550556105927,-0.940348541014348,-0.480873423722599,-2.58282528017873,2.32213183645914,-1.06377047336488,3.63845730171103,-0.0633737072006881,0.429996815351989,1.4628374329072,-0.562077157240071,2.177876387101,1.34245853246972,0.320297944306135,-0.957547820200323,0.0500287604280325,1.38854207337509,-0.335807740254996,0.335666089697612,-0.300068320073502,0.984188788540731,-0.209487982142254,0.310924246429039,0.264693697654396,1.41150019112945,-0.898644730700428,-0.854426700664618,0.782935773633074,-1.33849896362062,0.734791799090788,-0.988611375255874,2.36629167510693,1.45550901526115
0.412894051847228,-0.272502777939585,1.10555639706324,0.672784604690277,-0.788512446318453,-0.0752805040332504,0.350832444326675,-0.0862076050070276,0.660657451879241,-0.512428576964606,-0.373200720181831,-0.65556891520877,-0.279893082830619,1.47996462502661,0.44175121676133,0.539954811253473,0.155522304205676,-0.957547820200323,0.0500287604280325,0.198808520991489,1.39805914465703,-0.347477013042256,-0.656476797331504,0.985228030570051,-0.97761058333052,-0.530962943901897,-0.591668265345122,-0.681808680312323,0.0377599644785058,-0.860262376016559,1.4676901734957,-0.0404234302184052,0.633295883733815,-0.557928655786267,0.538842411537941,-0.679237540455205
-0.510154899377046,0.172164006724744,-0.269552619778671,0.415743887413529,-1.09218463571024,-0.616071063619049,0.630228418089095,-0.688292465373569,-1.55646416629177,4.01581056340882,-1.6125087721064,-1.27589218981492,-0.512257151595661,-0.675523922921553,-0.162118407704644,-1.13691863606405,1.38901562085582,1.65529584422226,1.15066148984475,-1.06186634632679,0.722776217317319,0.855547128253099,2.38821363944067,-0.783775674364847,1.71081852082841,-0.951906539067365,-0.0778510875454108,-0.53200029654052,-0.124111322715026,-0.91751997765326,0.300923469465865,0.222860729923781,0.00878473790301579,0.456973346996495,-0.335172019202503,-0.679237540455205
1.24710520445283,-1.19359826045855,-1.21494006885749,-0.783779459877964,-1.39585682510203,0.195114775759649,-0.347657490079375,0.0342093670662807,-1.80281101275522,0.430954577279857,0.556280318761597,-1.12081137116338,-1.09316732350827,-0.788970688603035,-1.97372728110256,-1.13691863606405,-1.71393809405385,1.65529584422226,-2.1512366984054,-1.36735892791055,-1.39621435268074,-0.820848917378415,0.642157384544215,-2.6404748763879,0.942695919640144,-0.951906539067365,-0.934213050544929,1.23149736606043,-0.873243663724984,2.67760778252919,-1.83071168836557,1.46870203245797,1.03629694033079,3.19323928048318,1.02385533051607,-0.679237540455205
-0.299679211699673,-0.84421721536515,0.675834829300145,-0.955139938062462,0.122504121856915,-0.480873423722599,0.490530431207885,-0.327041549153644,-0.201556510742819,-0.701105207813499,0.711193825252168,-0.65556891520877,-0.744621220360703,0.799284030937715,-0.765988032170617,-0.830822689331489,-1.17755962004075,1.00208492811662,-1.05060396898868,-1.09385152379977,-0.190225333098905,-1.41835385155214,-0.846758975713204,-1.99772624205015,-0.209487982142254,-1.37285013423283,-1.44803022834464,0.265770722862555,-0.54779111905306,1.67363088413972,-1.31539708366582,1.40903832524173,0.589481079215562,2.25012519690292,-0.412373454647271,-0.679237540455205
0.266297917132993,0.997973749672783,0.503946202194906,0.501424126505778,-0.0293319728389798,1.00630061513835,0.350832444326675,-0.206624577080336,1.03017772157441,0.242277946430965,-0.0633737072006881,0.119835178048915,-0.279893082830619,-0.675523922921553,-0.0866347046463969,0.659731486061867,0.647660334041685,-0.957547820200323,0.0500287604280325,0.216810784608458,1.37239990343104,-0.06791542486192,-0.0159952076971018,0.912648093241418,0.174573318451878,0.731867841594506,-0.420395872745218,-0.382112593555609,0.048695112784201,-1.25416353212704,1.09616935983547,-0.354823731821115,-0.35981150662461,-1.09879330990848,0.162551996226555,-0.679237540455205
2.01884939260319,0.140402093534435,1.27744502416848,1.78662771288952,0.881684595336388,-0.34567578382615,-1.32554339824784,1.35879605987267,0.414310605415795,0.0536013155820717,-0.992854746144116,-0.965730552511843,0.417199123464507,2.04719845343402,0.819169732052563,1.34245853246972,-0.17904526820508,0.348874012010971,0.0500287604280325,-0.653015731377152,0.578671372251545,1.41631943240772,1.41233569595928,-0.632956910470309,-0.593549282736387,-0.530962943901897,0.778510875454107,-0.116169570801551,-0.434021182041972,-0.00456804603112586,-0.231612640249905,0.845672199121089,-1.85404321898662,0.455332033239423,2.329712278437,1.45550901526115
-1.0172741737138,-1.13007443407793,-0.699274187541769,-0.0126573080477186,-0.0293319728389798,-0.2104781439297,-0.347657490079375,-0.327041549153644,-1.06377047336488,-0.512428576964606,0.711193825252168,-0.500488096557233,-0.976985289125745,-0.788970688603035,-2.12469468721906,-1.13691863606405,-0.966090547705849,-0.957547820200323,-2.1512366984054,2.52464079987985,-1.39621435268074,-1.54252755894931,-2.1584913081226,-0.139296055377411,-1.36167188392465,-1.7937937293983,-1.96184740614435,-1.19077673746676,1.21759552630342,2.5127779362245,-1.70282164289609,-2.33308849723472,0.784963001959686,1.17163372042724,-0.946904031475097,-0.679237540455205
-0.862831163516536,-0.0184074724171112,-0.183608306226051,-0.612418981693465,0.122504121856915,0.330312415656099,-1.04614742448542,1.47921303194598,-0.0783830875110965,0.242277946430965,0.711193825252168,0.8952392713066,1.57901946728972,2.27409198479698,1.12110454428555,-0.769603499984976,0.275559142132305,-0.304336904094676,1.15066148984475,-0.0415116462782919,1.71865799032126,1.25397013297514,0.744544574433098,-0.308396374925461,-0.209487982142254,0.310924246429039,-0.420395872745218,-1.04536932510211,0.651676507123634,-1.44313979191783,1.43210243121252,0.272995484693028,-0.107933845005115,-0.0470784461004857,-0.876791244866888,-0.679237540455205
0.521034711391289,0.076878267153816,-0.35549693333129,0.415743887413529,0.27434021655281,0.735905335345448,1.04932237873272,-0.929126409520186,1.15335114480613,0.242277946430965,-0.528114226672402,-0.965730552511843,-0.860803254743224,-0.562077157240071,1.0456208412273,0.762987240207035,0.461890791713301,-0.304336904094676,1.15066148984475,0.0447530921108042,0.0907965792984895,0.284936807491063,0.284706021753763,-0.94578437775358,-0.593549282736387,-0.110019348736429,-0.420395872745218,0.697309782882613,-0.72120905210663,-1.44842598373036,1.41367319088753,-0.62101185827577,-0.294630428072836,0.250126726312007,0.250927450276985,-0.679237540455205
-0.859299692246781,1.44264053433711,1.3633893377211,-1.46922137261596,-1.09218463571024,-0.751268703515499,-2.02403333265389,1.7200469760926,1.03017772157441,-0.512428576964606,-0.992854746144116,-0.190326459254159,-1.09316732350827,-0.448630391558589,-0.69050432911237,-0.546590738794108,0.228900391666326,-0.304336904094676,1.15066148984475,0.214186726131925,-0.0284747447457223,-0.817672892896402,-0.619461349548119,-0.297351635260797,-0.97761058333052,-0.110019348736429,-0.0778510875454108,1.73316143974623,-0.538905851586618,-0.837960120458649,1.26118274467448,-0.483666085793625,0.654319174925488,-0.437229433575795,-0.559917428327172,1.45550901526115
0.0977290218567077,-0.208978951558967,-0.0976639926734313,-0.269698025324467,0.729848500640494,0.871102975241898,-0.347657490079375,1.11796211572606,-1.43329074306005,2.50639751661768,0.866107331742739,2.1358858205189,2.0437476048198,-0.448630391558589,2.177876387101,0.762987240207035,-0.707922994811193,-0.304336904094676,0.0500287604280325,1.042888876361,-1.39621435268074,0.300166882656154,-0.81411743392712,0.699550522487283,0.174573318451878,1.15281143675997,0.264693697654396,0.556485313716271,0.0546158835889834,-0.583846406350529,1.61129210559932,-0.842946960967627,-0.491975577175822,-0.947367797073423,-0.0224897010221503,-0.679237540455205
-0.635639886598254,1.0614975760534,0.418001888642287,0.158703170136781,-1.09218463571024,-0.616071063619049,-2.44312729329752,1.96088092023921,1.15335114480613,-0.701105207813499,-1.76742227859697,-0.965730552511843,-0.39607511721314,0.458943733893269,-1.2188902505201,1.20981695555227,4.1895838184562,0.348874012010971,0.0500287604280325,-1.38043862016997,2.69203793925396,-1.09023873453558,0.97231834487327,0.261916699557173,-0.209487982142254,-0.951906539067365,2.31996240885324,1.08102611553728,-0.319027762145676,-0.626901028917955,1.20891904265024,1.33699239172571,0.882704227232371,-0.0728111589665792,-0.194574765730087,1.45550901526115
-0.0279913553465547,-0.240740864749276,-0.269552619778671,-0.612418981693465,1.18535678472818,0.330312415656099,-2.02403333265389,1.59963000401929,-1.43329074306005,2.69507414746657,1.17593434472388,0.740158452655063,1.11429132975963,1.47996462502661,1.1965882473438,-1.04508985204428,0.394769005514516,-0.957547820200323,0.0500287604280325,0.685976061350585,0.676414800689319,1.13852126604244,0.453313535279759,0.956125764965973,1.71081852082841,-0.110019348736429,0.778510875454107,-0.782333298154761,0.14385038274762,-0.23699231425063,-0.206527249802021,-0.46128207027388,0.635866627660513,-1.07271624078664,0.0680045979464121,-0.679237540455205
0.185780372182589,-0.939502954936078,-1.30088438241011,-1.89762256807721,0.729848500640494,0.0599171358631994,0.769926404970305,-0.447458521226953,-0.324729933974542,-0.135075315266821,-0.21828721369126,-0.035245640602622,-0.976985289125745,-0.675523922921553,-0.91695543828711,-0.153038807280811,0.143153228060584,-0.304336904094676,0.0500287604280325,0.444046806828137,-0.746092610932137,1.5207548004744,1.06330760800057,0.254552626051825,-0.97761058333052,0.310924246429039,0.264693697654396,-0.0980036214036276,-0.364740923628764,-0.794007412631008,1.3971836311708,-0.712075063648341,-0.167255801945145,-0.384134879000201,0.185657599966496,-0.679237540455205
-0.787963972597739,1.53792627390804,-1.47277300951535,-1.12650041624696,-0.0293319728389798,-0.2104781439297,0.909624391851515,-0.929126409520186,1.27652456803786,-0.889781838662392,-1.14776825263469,-1.12081137116338,-0.512257151595661,-0.902417454284517,-0.313085813821137,-1.03853065318573,0.117485097279167,-0.304336904094676,0.0500287604280325,-0.25771699776662,-0.151579544866586,-0.344721257200309,0.0350168106941827,-0.0240232563868089,-0.593549282736387,-0.530962943901897,0.264693697654396,-1.09151368637344,0.896088292358016,-0.491127896817999,0.269174823287066,0.0411996443306333,-0.408386110729836,-0.330763308947766,-1.54459681627938,-0.679237540455205
-1.28158700152318,-0.46307425708144,-1.04305144175225,-0.526738742601215,-1.39585682510203,-0.616071063619049,-0.207959503198165,0.636294227432822,-0.940597050133157,1.75169099322211,-0.21828721369126,-0.500488096557233,1.92756557043728,-0.221736860195624,-0.69050432911237,-1.13691863606405,1.06760867030451,4.9213504247505,-2.1512366984054,2.39523266969598,-1.29655576838433,-0.136588471526075,-0.361988347761412,0.36992248797195,-0.97761058333052,-1.37285013423283,-0.0778510875454108,-0.958777215965124,0.632191298346559,2.32510368137643,-1.71931102591252,-2.19925886181796,1.06333945284495,0.0510126989306151,-1.19776077876806,-0.679237540455205
-1.24988041468164,-0.907741041745768,-0.183608306226051,-1.04082017715471,-0.940348541014348,-0.480873423722599,0.909624391851515,-0.929126409520186,-0.817423626901434,0.61963120812875,0.711193825252168,1.36048172726121,-0.39607511721314,-0.902417454284517,-0.0111510015881505,0.49095526246822,1.47444279307953,0.348874012010971,0.0500287604280325,-0.0447059066258922,2.10687887286585,0.0370088676283263,0.342331823898379,0.129953354601221,0.174573318451878,0.731867841594506,0.0934213050544928,-0.834971590984705,0.188906578936156,-1.36839105735907,1.07313128679894,-0.200875124530864,-0.106593141878001,-0.721918462810547,-1.01063827277229,1.45550901526115
0.194255903229999,0.71211653096,0.160168947984427,-0.184017786232217,-0.636676351622559,-0.751268703515499,1.04932237873272,-1.04954338159349,1.15335114480613,-0.889781838662392,0.866107331742739,-0.500488096557233,1.23047336414216,1.47996462502661,-0.841471735228864,1.44576591449196,-0.248213437210951,0.348874012010971,-1.05060396898868,-1.38043862016997,2.78410723543155,-1.41310446209371,-1.03623139255401,-0.548278662517144,1.71081852082841,-1.7937937293983,-1.61930262094454,0.060978473978634,-0.565612382744369,0.0394999794182401,1.4676901734957,1.70541741350026,0.815296179297614,1.3965979538519,-0.164695654340324,1.45550901526115
0.0690063888627039,0.616830791389073,-1.55871732306796,-1.55490161170821,-1.24402073040614,-0.480873423722599,1.04932237873272,-1.04954338159349,1.27652456803786,-0.889781838662392,-0.837941239653545,-1.27589218981492,-1.09316732350827,-0.902417454284517,-0.765988032170617,0.876250859753965,-0.813623041635135,-0.957547820200323,1.15066148984475,-0.232430515685141,-0.08718547743922,-1.04564680314926,-1.25161464834909,0.600661962613408,0.174573318451878,-0.530962943901897,-0.934213050544929,-0.284088202676331,-0.295198589857811,0.179232596269248,-0.904735122175728,0.518184677037125,1.56114152991698,-0.66189422421875,-0.0536662075723381,-0.679237540455205
-1.26871492812033,-0.907741041745768,-1.04305144175225,0.587104365598027,1.03352069003228,1.6822888146206,0.630228418089095,-0.688292465373569,-0.817423626901434,-0.323751946115714,0.711193825252168,1.36048172726121,0.881927260994592,-0.788970688603035,0.139816404528343,-0.841754687429081,-0.884650103626661,-0.304336904094676,0.0500287604280325,0.158557807803799,-1.13883521771673,0.986887427941706,-0.163701038390146,0.534102626568779,-0.97761058333052,1.15281143675997,0.0934213050544928,-0.606282419494556,0.0846345218636192,0.27767879408594,-0.270305871603374,-0.0771522697100501,-1.19860362398132,-0.725703673865124,-1.12124158288721,-0.679237540455205
-0.242704808547633,-1.54297930555195,1.27744502416848,0.158703170136781,0.426176311248704,-0.480873423722599,0.350832444326675,0.0342093670662807,-1.06377047336488,0.0536013155820717,1.6406748641956,1.82572418321582,1.92756557043728,0.572390499574751,1.57400676263503,1.52611610050926,-0.17198644168727,-0.304336904094676,1.15066148984475,0.812782305687303,0.740583084617635,-0.359081229444393,-1.01408150163587,-0.661619298673199,-1.36167188392465,0.731867841594506,-0.420395872745218,-0.306531129411051,-0.334273287064412,-1.31863298201597,1.18988857013701,-0.634517269585588,1.14548309574935,-0.366062297462706,-0.053528531979106,-0.679237540455205
0.625566260976024,-0.939502954936078,-0.183608306226051,0.672784604690277,1.18535678472818,0.0599171358631994,0.909624391851515,-1.04954338159349,-0.201556510742819,-0.889781838662392,0.866107331742739,1.20540090860967,0.881927260994592,0.232050202530304,0.290783810644836,-0.29848191240529,-0.327716863772516,-0.304336904094676,0.0500287604280325,-0.55451051223795,-0.992597077804301,-0.0834205200152689,0.403962614598959,0.097230064415401,0.942695919640144,1.15281143675997,1.29232805325382,0.35873767803103,-0.644718829537503,0.44284171858543,-0.922637870782116,0.241163914583993,-0.563862458501895,-0.318239042494248,0.490335222389398,-0.679237540455205
-0.816372069217316,0.267449746295671,-0.44144124688391,-0.698099220785714,-0.788512446318453,-0.34567578382615,-0.906449437604215,0.395460283286206,-0.0783830875110965,0.0536013155820717,-0.373200720181831,-0.965730552511843,-1.32553139227331,-0.562077157240071,-1.2188902505201,-0.153038807280811,-0.554099164462356,-0.957547820200323,1.15066148984475,1.87607775583912,-0.521710301513016,0.0478564814220719,-1.32295293630752,-1.19910695299838,-1.36167188392465,-0.530962943901897,-1.27675783574474,-0.77035040591071,-0.0846311786940064,0.391507389340249,-0.779415769143583,-1.66236588439452,-1.10004131590642,0.53897216498573,-0.672883935615348,1.45550901526115
-1.11898054628273,-0.939502954936078,-1.12899575530487,-0.184017786232217,-0.788512446318453,-0.616071063619049,0.630228418089095,-0.567875493300261,-0.324729933974542,0.242277946430965,0.0915397992898831,-0.965730552511843,0.881927260994592,1.25307109366364,-0.46405321993763,-0.636034359592585,-0.677953260743218,-0.304336904094676,-1.05060396898868,0.720291518456168,-1.0452428072041,-0.537887082070515,-1.03004814851374,1.11982611282174,-0.209487982142254,0.310924246429039,-0.420395872745218,-0.954722972669801,0.324220977841056,-0.137460147228072,1.47633281100989,-0.490962988620767,-0.446573146515048,-0.40427047826334,-1.09489207471177,-0.679237540455205
0.407557294347826,-1.09831252088762,0.332057575089667,-0.355378264416716,0.578012405944599,-0.616071063619049,-0.0682615163169551,0.154626339139589,-1.06377047336488,0.0536013155820717,0.711193825252168,0.8952392713066,1.4628374329072,-0.108290094514142,0.66820232593607,-0.743366704550757,0.793445781657626,1.65529584422226,1.15066148984475,-0.800093790595219,-0.0821116047782256,-0.135019905142824,1.22220068666196,0.802332107424477,0.174573318451878,-0.530962943901897,-0.0778510875454108,0.0211164078004449,-0.504876470848981,-0.374927220548867,-0.916862891246255,0.390142991576404,-0.122631702185802,-0.432854578655617,0.407643490361471,-0.679237540455205
0.578479977379297,1.4108786211468,0.847723456405384,1.10118580015152,-0.788512446318453,0.195114775759649,-0.207959503198165,0.997545143652747,1.15335114480613,-0.889781838662392,1.6406748641956,1.36048172726121,0.184835054699465,-0.902417454284517,-0.23760211076289,0.49095526246822,-0.972869045020715,-0.304336904094676,-1.05060396898868,0.102026353021825,-1.03655538951513,-1.16892282625574,-0.481866417540761,-0.155209018045144,0.174573318451878,1.15281143675997,3.00505197925286,1.49601804948991,-0.458332939517301,0.46317242473987,-0.160750591948773,0.0853149111146108,0.416239645299085,0.57547640039577,0.352211964250776,-0.679237540455205
-1.14252286218768,0.108640180344126,1.01961208351062,0.929825321967025,0.729848500640494,0.600707695448998,0.211134457445465,0.154626339139589,-0.0783830875110965,0.242277946430965,1.79558837068617,2.29096663917043,1.81138353605476,2.1606452191155,1.27207195040204,-0.524726742598925,0.180364365971875,-0.304336904094676,1.15066148984475,1.11054449221389,0.145284345252869,0.278357956328928,-0.391152975293622,0.662467250234882,0.174573318451878,2.41564222225638,0.778510875454107,1.02733810583861,-0.397368434638378,-0.387209471281938,-0.602642866189756,-1.08410974875856,-0.353572807951419,-1.0309938013836,-0.727468471830419,-0.679237540455205
-0.677311206145429,-0.0501693856074203,-0.0976639926734313,1.61526723470502,2.09637335290355,1.9526840944135,0.769926404970305,-1.04954338159349,0.783830875110964,-0.512428576964606,1.48576135770502,0.429996815351989,1.4628374329072,0.458943733893269,0.517234919819576,-0.418258587213685,-0.726671297807423,-0.304336904094676,-1.05060396898868,-0.368419329352116,-1.15241869044363,-0.0718839672610367,0.111534328162965,-1.35856460835239,1.32675722023428,1.15281143675997,1.97741762365343,-0.0962027551436725,-0.267087924295323,0.83904713268642,-1.01966539954712,0.481930299639946,0.575518097300535,1.00486392829356,-0.50418064824193,1.45550901526115
-1.66376884749687,1.4108786211468,-1.21494006885749,-1.04082017715471,2.55188163699123,3.03426521358509,1.04932237873272,-1.04954338159349,1.15335114480613,-0.889781838662392,-1.45759526561583,0.274915996700452,1.34665539852468,1.02617756230068,1.42303935651854,1.61794488452902,0.358469282745802,1.65529584422226,0.0500287604280325,-1.06345130704022,-0.191386701422407,-1.1901384554943,-0.290940163991153,-0.0361792565317109,2.09487982142254,-0.530962943901897,-0.934213050544929,-0.889888372672643,0.383216607624777,-0.208415658927359,0.317128654478259,0.066327597886747,0.156628200015358,-0.267330708660241,-1.35153797108581,1.45550901526115
1.07571113216074,1.22030714200495,1.19150071061586,0.501424126505778,0.729848500640494,-0.751268703515499,-0.906449437604215,0.997545143652747,0.414310605415795,1.18566110067543,-0.21828721369126,0.119835178048915,0.417199123464507,-0.902417454284517,0.592718622877823,1.5195569016507,-0.363061932379221,-0.304336904094676,0.0500287604280325,-0.176129707220204,0.0883549370046848,-0.216407566372389,-0.395169645555071,0.155349203504132,1.32675722023428,1.15281143675997,2.49123480145314,0.0684350491173259,-0.490014094389314,-0.200313425576629,-0.167857327850547,0.274824893857563,-0.144264515847639,-0.673326793045088,0.900651678265031,-0.679237540455205
0.493566457934028,1.18854522881464,-1.47277300951535,-1.64058185080046,-0.940348541014348,-0.751268703515499,-1.88433534577268,1.7200469760926,1.03017772157441,-0.512428576964606,-1.45759526561583,-1.27589218981492,-1.44171342665583,-0.788970688603035,-1.14340654746185,-0.932854671575677,-1.17443103928345,-0.304336904094676,-1.05060396898868,-0.943182560530883,-0.327815634031555,0.203709078520183,0.05202073180492,0.286017088539352,-1.36167188392465,-0.530962943901897,-0.934213050544929,0.172165301382285,-0.562480613576391,1.46953008992656,-1.51658850259562,1.18862206352555,2.07859364731018,0.31319566284774,0.864452643305695,-0.679237540455205
-0.815274017083841,-0.84421721536515,-0.785218501094388,-1.12650041624696,0.729848500640494,-0.480873423722599,0.630228418089095,-0.567875493300261,0.0447903357206264,0.242277946430965,-0.21828721369126,0.119835178048915,2.0437476048198,1.82030492207106,1.12110454428555,0.883314612370871,-0.265758631470165,-0.957547820200323,0.0500287604280325,2.22034431399139,-1.35523798148176,0.862269640650083,-0.681136163444478,0.940905242675221,-0.593549282736387,-0.110019348736429,-0.591668265345122,-0.911132192092419,0.337952305066684,0.539256798547686,-0.471427512710425,-2.08528986879732,1.01645495629049,-0.820340248711478,-0.763644575472792,1.45550901526115
-0.341586004100761,0.902688010101855,-0.871162814647008,0.844145082874776,-0.181168067534874,-0.34567578382615,0.0714364705642553,-0.206624577080336,0.537484028647518,-0.135075315266821,-1.45759526561583,-1.12081137116338,-0.512257151595661,-0.675523922921553,-0.23760211076289,-1.13691863606405,1.64369559594073,1.65529584422226,-1.05060396898868,-1.16805710852215,-0.185362471544996,-0.30338234001855,1.63338692545793,1.174214829059,0.174573318451878,-0.951906539067365,-0.0778510875454108,-1.18218465266023,1.16517143088896,-0.76351686671513,0.878033810254232,0.167951044160324,0.156628200015358,0.0974779541007848,-0.412403050515243,-0.679237540455205
-0.954649416530154,0.235687833105362,-0.613329873989149,-0.526738742601215,-0.788512446318453,-0.480873423722599,0.490530431207885,-0.567875493300261,0.167963758952349,2.31772088576878,0.556280318761597,0.429996815351989,1.4628374329072,1.70685815638957,-0.69050432911237,-0.145167768650545,-0.257401162884448,-0.304336904094676,1.15066148984475,1.09734553372088,-0.540056482205236,1.41631943240772,0.0430713211200325,0.713348825738389,-0.97761058333052,0.310924246429039,-0.591668265345122,-0.368621000081413,-0.347614532436105,-0.11716985152227,0.107459794021957,-0.990140380693114,-0.279899055513143,-0.589599306652024,-0.885008460879241,-0.679237540455205
-0.504504545345438,-1.92412226383566,-0.35549693333129,-1.38354113352371,0.578012405944599,-0.2104781439297,0.0714364705642553,-0.688292465373569,-2.04915785921866,-0.323751946115714,-0.21828721369126,0.274915996700452,0.184835054699465,0.00515667116734013,-0.91695543828711,-0.792560695989919,-0.127979080726969,-0.304336904094676,1.15066148984475,1.15938136498275,-0.0646935016292949,0.220668842889928,-0.615056938485842,0.29608571653536,-0.97761058333052,1.99469862709091,-0.420395872745218,-1.11904833748329,0.753016609196852,-0.0387491870512459,-0.2679081236501,-0.921181855180745,0.190592298045811,-1.0938681324866,-0.212590099407523,1.45550901526115
0.345873736411462,-1.25712208683917,0.933667769958004,-0.0126573080477186,-0.484840256926664,-0.2104781439297,-0.0682615163169551,0.275043311212897,-1.31011731982833,-0.512428576964606,2.10541538366731,1.82572418321582,-0.0475290140655767,-0.788970688603035,0.139816404528343,1.61794488452902,-0.12168508681204,-0.304336904094676,1.15066148984475,-0.711520507696984,-0.283883347562089,0.294067629842951,0.826954211517688,-1.24923312389677,0.942695919640144,-0.110019348736429,0.4359660902543,0.225829622024488,-0.667197906091178,0.147769920338181,-0.926850293276504,0.339165178153608,0.188577328829245,0.182263114545674,0.680855005185365,1.45550901526115
1.42132445376072,0.33097357267629,-0.52738556043653,0.415743887413529,-0.940348541014348,1.27669589493125,0.909624391851515,-0.808709437446878,1.15335114480613,-0.323751946115714,0.401366812271026,-0.65556891520877,-0.0475290140655767,0.00515667116734013,0.21530010758659,-1.0419233422505,-0.162350818631858,0.348874012010971,0.0500287604280325,-0.720724909846201,0.64936630883099,-0.0574354965214527,0.24847396240326,0.874059452619072,-0.593549282736387,-0.530962943901897,0.0934213050544928,0.739691994750124,-0.718082578798048,-0.0285395734445333,-0.557074940271792,0.85559188764162,0.517660261011886,-0.511796749244519,1.23607261142247,-0.679237540455205
0.130689420374417,1.09325948924371,0.503946202194906,1.70094747379727,1.64086506881586,2.62867229389574,1.04932237873272,-1.04954338159349,1.15335114480613,0.0536013155820717,-0.373200720181831,-0.500488096557233,-1.20934935789079,-0.902417454284517,-0.0866347046463969,-0.402288363905899,-1.15182298597515,1.00208492811662,-1.05060396898868,-1.38043862016997,0.0298564262700729,-1.28773622343442,-0.358074313270424,-0.277412949172952,-0.209487982142254,-0.951906539067365,0.0934213050544928,2.12817026736852,-0.441307796794412,1.87138625229594,-1.23285762649819,1.6698196659881,0.633295883733815,1.03650190946326,0.242435409226932,1.45550901526115
-0.461185164436449,-0.812455302174841,0.332057575089667,-0.612418981693465,0.122504121856915,-0.616071063619049,1.04932237873272,-1.04954338159349,-0.447903357206265,-0.323751946115714,0.556280318761597,-0.035245640602622,-0.628439185978182,0.232050202530304,-0.615020626054124,0.73638855793924,-0.394435236711473,0.348874012010971,0.0500287604280325,-0.717393918284136,0.848291419755537,-0.626312754817794,-0.500607341941727,-1.62566347428833,-0.593549282736387,0.310924246429039,-0.420395872745218,-0.608933530808392,-0.070869017023868,0.00462120374746289,-0.0274995005674735,0.784009126824797,0.609029165929725,1.29116283773999,-0.533245259422242,-0.679237540455205
-0.183846954051723,-2.30526522211937,-1.55871732306796,-0.698099220785714,-0.181168067534874,-0.751268703515499,-0.627053463841795,-0.929126409520186,-2.04915785921866,-0.701105207813499,-0.992854746144116,-0.65556891520877,0.998109295377112,2.1606452191155,-2.04921098416081,1.61794488452902,-1.05591326055179,-0.304336904094676,0.0500287604280325,-0.191102178728903,-0.427532912350909,-0.709685282528277,-1.28400312052421,0.973395324324767,-1.36167188392465,-0.530962943901897,-1.27675783574474,-1.42749937308823,2.24890188249483,0.545510808284847,-0.779415769143583,0.475444520095307,-0.0947056503888738,0.253992993531396,-0.373256201337318,-0.679237540455205
1.30266701909697,1.56968818709835,1.53527796482634,1.44390675652052,-1.24402073040614,-0.751268703515499,-0.627053463841795,0.636294227432822,1.27652456803786,-0.889781838662392,-1.76742227859697,-1.58605382711799,-0.976985289125745,-0.902417454284517,-1.14340654746185,-1.13691863606405,0.257104117406619,-0.304336904094676,1.15066148984475,-0.530912590569208,0.218254714535649,-0.537887082070515,-2.0966588167081,0.727254575202021,0.174573318451878,-0.951906539067365,0.778510875454107,1.44072551526059,-0.429698645857029,-0.686515126442184,-0.152818966387047,-0.0516868203413465,2.10446593649909,0.385967440248273,1.81056721222722,-0.679237540455205
1.41567409972911,1.34735479476618,1.70716659193158,0.758464843782526,-0.333004162230769,1.6822888146206,0.909624391851515,-0.808709437446878,1.27652456803786,-0.889781838662392,-0.683027733162973,-0.500488096557233,0.533381157847028,-0.788970688603035,-0.313085813821137,-0.395224611288994,0.0892130040840657,-0.304336904094676,0.0500287604280325,0.773861907785667,0.290352221117238,0.703785899941357,0.00255452442370294,0.240457734704989,2.09487982142254,-0.530962943901897,1.46360044585372,0.407583160846525,-0.600010243804194,-0.0262906950170234,-0.188286665249946,-0.676621969749464,-1.14806700671769,-0.448887099551185,2.42829633387985,-0.679237540455205
0.653818031134061,-1.22536017364886,1.10555639706324,1.10118580015152,-0.333004162230769,-0.616071063619049,-1.04614742448542,0.756711199506131,-0.940597050133157,0.61963120812875,1.02102083823331,0.8952392713066,0.881927260994592,2.04719845343402,0.0643327014700964,-1.01169756694619,-0.689270111954703,-0.304336904094676,-1.05060396898868,1.0439162931412,-1.24390594630545,-0.725791611855092,-1.24404653557301,1.06515347609402,-0.97761058333052,-0.110019348736429,-0.934213050544929,1.52696997148775,-0.796827583187402,0.0529910323367289,0.934134803783984,-0.80177150542428,0.327535344962535,0.0954494308650332,0.696812001052523,-0.679237540455205
-0.672602577785756,0.0133544407731979,1.44933365127372,-1.21218065533921,-1.09218463571024,-0.616071063619049,0.909624391851515,-0.929126409520186,0.537484028647518,1.37433773152432,-0.528114226672402,-0.035245640602622,-0.860803254743224,-0.562077157240071,-0.539536922995877,-1.13691863606405,-0.471482641692854,1.00208492811662,0.0500287604280325,-1.038675258426,1.01621065224419,2.24309916503274,1.83743397878678,0.946771589906915,0.942695919640144,-0.530962943901897,-0.420395872745218,-0.822399886967648,0.200128017219859,0.531349348487497,-0.803515698228417,1.35197688952593,-1.35137525427753,-0.244231585346613,-0.516255345840002,-0.679237540455205
-0.22763719779668,-0.240740864749276,0.0742246344318079,0.929825321967025,0.122504121856915,-0.34567578382615,1.04932237873272,-0.929126409520186,0.660657451879241,-0.135075315266821,-0.837941239653545,-0.810649733860307,-0.39607511721314,-0.221736860195624,0.66820232593607,1.50315890450431,0.0969279997004252,-0.304336904094676,0.0500287604280325,0.142296690260799,-0.901212033979124,-1.1558837833492,-0.831239447388064,0.126219941364242,-0.593549282736387,0.310924246429039,-0.762940657945026,-0.197377505980372,-0.444692059995568,-0.767875404646487,0.718303501377371,-0.573845204126734,0.0406279546005683,-0.237652085153557,-0.157336367733312,1.45550901526115
1.68736195608223,1.31559288157588,-0.0117196791208117,-0.0126573080477186,-1.09218463571024,0.330312415656099,1.04932237873272,-1.04954338159349,1.27652456803786,-0.889781838662392,-1.76742227859697,-1.12081137116338,-0.976985289125745,-0.902417454284517,-1.0679228444036,0.929229004380756,0.619086020475162,0.348874012010971,2.25129421926147,-0.302359930432552,1.1033443550364,2.70398504284568,2.24806123012118,0.766404702236099,-0.97761058333052,-0.110019348736429,-0.420395872745218,0.988361071346772,-0.757261625339458,-1.61835204345794,1.57351929485817,-0.234532677451007,1.676519409698,-0.848220390734109,1.45276062222184,1.45550901526115
1.66852744264354,-0.84421721536515,0.160168947984427,-0.441058503508966,1.48902897411997,0.330312415656099,-0.766751450723005,0.395460283286206,-1.06377047336488,-0.701105207813499,2.26032889015788,1.51556254591275,0.417199123464507,1.70685815638957,0.290783810644836,-1.02672409524033,1.23466398017292,0.348874012010971,0.0500287604280325,-1.38043862016997,2.39534179247059,0.324970272650633,1.97346585779083,0.600661962613408,1.32675722023428,-0.110019348736429,0.778510875454107,-1.75815779649103,5.49802659786551,-0.63051400639219,0.473777949156917,1.50574640395819,-0.90670754422615,-0.23117960028921,-0.190562442947712,-0.679237540455205
1.66523140279177,0.839164183721237,2.2228324732473,1.52958699561277,-0.0293319728389798,-0.2104781439297,0.769926404970305,0.275043311212897,0.414310605415795,1.56301436237321,0.866107331742739,1.51556254591275,0.0686530203169443,-0.902417454284517,0.819169732052563,0.699657044331332,-0.143840217051351,-0.304336904094676,1.15066148984475,0.0141467081267599,-0.364410804378149,-0.0905642931879187,-0.145765743573116,0.473917878692331,0.174573318451878,2.41564222225638,2.31996240885324,1.79948354175783,-0.698622072417761,-0.50536518780784,0.476216037413966,-0.158845277011092,-0.44149816161842,-1.46621013283693,1.48425128342983,-0.679237540455205
-0.452709633389038,-0.780693388984532,-1.55871732306796,-0.955139938062462,-1.09218463571024,-0.616071063619049,1.04932237873272,-0.929126409520186,-0.201556510742819,0.430954577279857,0.866107331742739,0.8952392713066,-0.279893082830619,-0.788970688603035,0.290783810644836,0.240513124232486,-0.45596560646552,0.348874012010971,-1.05060396898868,-0.964768379798516,1.54142811472196,0.0740183034797689,-0.0219964925956048,-0.932927755204689,-0.593549282736387,0.310924246429039,-0.934213050544929,-0.443310674400381,-0.193372592685006,0.0896234120340195,0.393631803637018,1.22181068922984,0.813339356184781,0.542291994748358,-0.368073636012471,1.45550901526115
-1.42927915518517,-1.28888400002948,-1.7306059501732,-1.81194232898496,0.122504121856915,-0.34567578382615,-0.487355476960585,-0.808709437446878,-0.940597050133157,-0.889781838662392,0.0915397992898831,0.740158452655063,-0.744621220360703,1.02617756230068,-1.52082506275308,-0.31045957988613,-0.335801994450504,-0.304336904094676,1.15066148984475,1.24904679854464,-0.627419544545473,3.89665843185566,0.647158480798875,-0.368444271131914,-0.209487982142254,-0.530962943901897,-0.934213050544929,-1.68322058931652,4.49508385420511,-0.217171974814132,0.223139205496817,-1.01391066366746,-1.85404321898662,-0.120740016520131,-1.63903773520342,-0.679237540455205
-0.278961246917113,-1.25712208683917,0.332057575089667,1.95798819107402,0.729848500640494,-0.0752805040332504,0.211134457445465,-0.808709437446878,-1.06377047336488,0.0536013155820717,-0.0633737072006881,-0.345407277905696,0.184835054699465,-0.902417454284517,0.819169732052563,1.35557693018683,1.0180000452694,0.348874012010971,0.0500287604280325,-0.955675605369589,0.890950132301329,0.81241085821878,2.53237761784019,0.501773693471457,1.71081852082841,-0.951906539067365,0.778510875454107,-0.61374205358048,-0.0325079717120655,-0.446954656359068,0.204103356782808,0.973290510295496,-1.43598284932356,0.0630708188560593,-0.791661164083924,-0.679237540455205
-0.303916977223379,1.47440244752742,0.0742246344318079,-1.21218065533921,-0.181168067534874,-0.616071063619049,-0.207959503198165,0.756711199506131,0.783830875110964,-0.323751946115714,-0.528114226672402,0.8952392713066,-0.0475290140655767,-0.902417454284517,0.366267513703084,-0.756937460809836,0.216387902333747,-0.304336904094676,1.15066148984475,-0.188657497673521,0.839650942754702,-0.389876126325939,-0.296778007036498,0.422662961865127,-0.97761058333052,-0.110019348736429,-0.762940657945026,-0.928861565695859,0.54958780745184,-1.11196304424958,0.746211284448743,-0.00112267320348521,0.264728756241493,-0.260782112233726,-0.981064174205554,-0.679237540455205
0.687091083516578,0.616830791389073,0.675834829300145,-0.869459698970213,-1.24402073040614,-0.480873423722599,-2.02403333265389,1.59963000401929,1.03017772157441,-0.701105207813499,-0.373200720181831,-0.190326459254159,-1.09316732350827,-0.902417454284517,-0.0866347046463969,1.34245853246972,-0.696084558778918,-0.304336904094676,0.0500287604280325,0.0567294552183069,-0.364410804378149,0.0383534097931469,-0.543117272248106,1.01599340737947,0.174573318451878,1.57375503192544,-0.249123480145315,0.246846794795865,-0.602610789497095,-0.00102701886788204,-0.373970790182239,0.153088313689603,1.39396462026311,-1.14983650189324,1.0944940905053,-0.679237540455205
0.211833777932061,0.394497399056909,-0.269552619778671,-0.355378264416716,-0.333004162230769,-0.480873423722599,-1.88433534577268,1.47921303194598,0.783830875110964,0.0536013155820717,-0.0633737072006881,0.274915996700452,-0.860803254743224,-0.902417454284517,0.139816404528343,1.19411972751471,-0.744202229981694,-0.304336904094676,0.0500287604280325,-0.759631120663143,0.0319698470025125,-0.465316926770428,-0.381873008051785,0.860244037717576,0.174573318451878,-0.951906539067365,-0.934213050544929,0.256028118205251,-0.688832920212427,0.877209873322013,-1.19223253446487,1.02960811982432,-0.485669583843997,-0.51356856519287,0.200003922930031,1.45550901526115
-1.30120446380207,1.09325948924371,-0.871162814647008,0.158703170136781,0.578012405944599,2.08788173430994,1.04932237873272,-1.04954338159349,1.15335114480613,-0.889781838662392,-1.92233578508754,-0.965730552511843,-0.860803254743224,1.59341139070809,-0.0111510015881505,0.762987240207035,-0.150384023835092,-0.304336904094676,1.15066148984475,-0.530912590569208,-0.427532912350909,-0.567951767150624,-0.213665886256577,1.2928809264685,0.174573318451878,-0.530962943901897,-0.591668265345122,-0.784345160635416,0.33090442208123,0.0527002126293777,-0.586616750018817,0.299734000070409,-0.681151506588122,-0.573542415929126,-1.12857166823782,1.45550901526115
-1.05023457223151,-0.939502954936078,-0.613329873989149,0.415743887413529,2.40004554229534,2.89906757368864,1.04932237873272,-0.929126409520186,-0.324729933974542,-0.701105207813499,1.6406748641956,1.82572418321582,1.4628374329072,1.59341139070809,0.970137138169057,0.452425702739646,-0.251848910577729,-0.304336904094676,0.0500287604280325,0.36139531502444,-0.0605025821011611,-0.102255420668597,-0.44595180471092,0.399129998532559,-0.97761058333052,0.310924246429039,-0.0778510875454108,-1.01931001135609,0.149866757750973,-0.646629397623024,1.56061829277018,-0.222340877332089,-0.301686514939528,-0.889485042342125,-0.747041030466207,-0.679237540455205
2.12463456740241,1.18854522881464,-0.183608306226051,0.415743887413529,1.33719287942407,2.08788173430994,0.490530431207885,1.47921303194598,1.15335114480613,-0.889781838662392,-1.30268175912526,-1.27589218981492,-1.20934935789079,-0.788970688603035,1.87594157486802,-1.04508985204428,-0.299785928704554,-0.304336904094676,-1.05060396898868,0.0581180055136894,-0.435660714699449,0.863012750214317,0.519628944938808,0.240708262557314,0.174573318451878,0.310924246429039,0.607238482854204,1.95224039496974,-0.991597445772794,-0.246707331070576,0.230439334243529,0.127240298782458,0.118547428213977,-0.422608302414233,1.64754133309114,-0.679237540455205
0.0219201052659765,1.0614975760534,-0.269552619778671,0.587104365598027,-1.24402073040614,-0.751268703515499,-0.347657490079375,1.47921303194598,-0.571076780437988,0.0536013155820717,-1.30268175912526,-1.58605382711799,-0.860803254743224,-0.221736860195624,0.21530010758659,1.49272381541116,2.61935418695469,2.96171767643356,1.15066148984475,-0.641720305858676,-0.343299764684867,-0.402595701569348,1.25292377613419,0.160159238589246,0.174573318451878,-0.951906539067365,-0.934213050544929,-0.506672569151101,-0.101201016873557,-1.00791322315415,-0.152818966387047,0.177500730438314,-0.372495890025588,0.105661212616525,-0.172262550480443,1.45550901526115
-0.545940474910559,-1.67002695831319,0.0742246344318079,1.78662771288952,-0.788512446318453,-0.480873423722599,0.490530431207885,-0.929126409520186,-1.55646416629177,-0.701105207813499,0.401366812271026,-1.27589218981492,-0.163711048448098,2.27409198479698,-0.765988032170617,-1.13691863606405,1.95497137258041,2.96171767643356,-1.05060396898868,-1.38043862016997,-1.39621435268074,-1.16323312701813,1.47354982216029,-1.38946721062999,0.942695919640144,-1.7937937293983,-0.934213050544929,-0.8326257341493,0.405812924749949,-0.0705022514806089,1.72697151707418,1.70541741350026,1.37140877019206,1.96215124444565,-0.38984084883413,-0.679237540455205
0.925976750323146,-0.208978951558967,-1.64466163662058,-0.184017786232217,1.33719287942407,-0.616071063619049,0.630228418089095,-0.929126409520186,0.291137182184072,-0.701105207813499,-1.14776825263469,0.740158452655063,-0.628439185978182,0.232050202530304,-1.2188902505201,-0.448202755915784,-1.0664858346733,-0.957547820200323,0.0500287604280325,-0.199279461432031,-0.590418746918086,-0.512490791841608,-1.03686516333542,-1.37608664762071,-0.209487982142254,2.41564222225638,1.46360044585372,2.78144088783039,-0.343863078036429,0.582844888318177,-1.08165656617356,0.429089516360071,-0.538116049909721,0.145456964052609,0.913298759949678,-0.679237540455205
-1.18960997167783,1.47440244752742,-1.30088438241011,-0.869459698970213,1.79270116351176,-0.751268703515499,1.04932237873272,-1.04954338159349,1.03017772157441,-0.889781838662392,-0.0633737072006881,0.119835178048915,-1.32553139227331,-0.902417454284517,-0.313085813821137,0.991839538939689,2.92257324389512,0.348874012010971,1.15066148984475,-0.0102353685436058,-0.0942231902735765,-0.468738207172706,0.698170244131087,0.462218327668292,-0.97761058333052,-0.530962943901897,-0.0778510875454108,-0.864596285575392,0.458711173786266,-1.16342846104766,1.35101334519031,-0.9869199159647,2.34566565114739,-0.54524233586744,-1.0937042061857,-0.679237540455205
2.36305012569527,-0.43131234389113,1.3633893377211,1.95798819107402,0.881684595336388,3.30466049337799,1.04932237873272,-1.04954338159349,-0.0783830875110965,0.242277946430965,-0.21828721369126,0.274915996700452,-0.279893082830619,-0.675523922921553,1.42303935651854,-1.13691863606405,0.372288903482564,-0.304336904094676,0.0500287604280325,-0.648948498081534,0.0571237594104639,0.0934720983202388,1.11122433152108,-1.48819225456312,0.174573318451878,2.41564222225638,0.949783268054011,0.325208770836004,-0.642785213716701,-0.172970151354945,-0.693163650579496,0.570692401192823,-0.781113983396976,0.0315588073252123,2.27216673043851,-0.679237540455205
-0.700541319272167,-1.03478869450701,0.503946202194906,0.0730229310445309,-0.636676351622559,-0.34567578382615,-1.32554339824784,1.96088092023921,-1.1869438965966,0.0536013155820717,0.556280318761597,0.274915996700452,-1.09316732350827,-0.902417454284517,0.0643327014700964,1.19411972751471,0.274518236313734,0.348874012010971,1.15066148984475,-0.694282944935561,1.0875843116195,-0.898663501458935,-0.48360342083099,-1.5653130922814,-0.593549282736387,-0.530962943901897,-0.420395872745218,-0.83010274292767,0.20227883295826,-0.781286375883223,0.599097189401633,0.353798782220779,0.0152527662168072,1.36482423156668,-0.470088576007808,1.45550901526115
0.987188918998893,-0.971264868126387,1.62122227837896,1.52958699561277,0.881684595336388,-0.480873423722599,0.909624391851515,-0.688292465373569,-0.447903357206265,-0.512428576964606,0.711193825252168,-0.345407277905696,-0.512257151595661,-0.562077157240071,-0.0111510015881505,-0.90734667601463,-1.66981162204605,1.00208492811662,-2.1512366984054,-1.36224748482894,-1.17150237675044,-0.766378887106459,0.749182007463299,-2.26416452352136,1.32675722023428,-0.951906539067365,-0.591668265345122,0.542571798938981,-0.677936724346237,2.64021863093933,-1.92127789977213,1.56432224396126,0.156628200015358,2.38101618699703,0.777852722104924,-0.679237540455205
-0.619000418926859,1.12502140243402,-0.0117196791208117,-1.21218065533921,-0.636676351622559,-0.751268703515499,-0.347657490079375,0.395460283286206,0.907004298342687,-0.512428576964606,0.0915397992898831,-0.035245640602622,0.998109295377112,0.685837265256233,-0.841471735228864,-0.777588611638869,0.415045389040403,-0.304336904094676,0.0500287604280325,0.397639068788312,0.574939688449581,-0.398562670356246,-0.441508216575227,1.2928809264685,0.942695919640144,-0.530962943901897,-0.591668265345122,-0.187210419040898,-0.556501901888874,-0.571908198842528,0.160479359799601,-0.337727062843396,-0.365372948334633,-0.779361736549474,-0.534438477127406,-0.679237540455205
-1.50085030625219,-1.47945547917133,-0.269552619778671,-0.612418981693465,-0.940348541014348,-0.616071063619049,0.211134457445465,-0.808709437446878,-1.67963758952349,-0.323751946115714,1.17593434472388,1.36048172726121,-0.163711048448098,-0.675523922921553,-1.0679228444036,-1.13691863606405,-0.516181940155213,-0.304336904094676,-1.05060396898868,0.385902611831569,-0.357199536119067,-0.177110464254976,-0.643594987902464,-1.06272954983796,-0.97761058333052,-0.110019348736429,-0.762940657945026,-0.993463899118309,0.703713342819767,-0.405954929745427,1.39278657565512,-0.16476786069302,-0.000455390512131572,1.10543296675808,-1.411346813761,-0.679237540455205
-0.218690803913302,0.29921165948598,-0.52738556043653,-0.869459698970213,-1.09218463571024,-0.616071063619049,1.04932237873272,-0.929126409520186,0.783830875110964,-0.701105207813499,-0.528114226672402,-1.27589218981492,-0.512257151595661,1.70685815638957,-0.313085813821137,-1.13691863606405,-0.260685177729405,-0.304336904094676,0.0500287604280325,0.0354381241488348,-0.222575579927067,0.619816305026927,0.428023255046977,0.706530871385929,-0.209487982142254,0.310924246429039,0.264693697654396,-0.512969732150557,-0.200443331484696,-0.245257729428256,0.37013028705469,0.163277893433947,-1.42896845875516,-0.671236226818985,-0.199476279923527,-0.679237540455205
-0.716157390112729,0.648592704579382,0.418001888642287,1.01550556105927,0.27434021655281,-0.751268703515499,-0.207959503198165,0.0342093670662807,-0.201556510742819,0.242277946430965,1.02102083823331,0.585077634003526,-0.0475290140655767,-0.788970688603035,0.21530010758659,0.0980201835121542,0.57590189875132,-0.957547820200323,0.0500287604280325,0.420771620098039,0.672962823653251,2.17772576294633,1.56062607103289,-0.2558121071418,0.942695919640144,0.310924246429039,1.12105566065391,1.72920792829464,-0.651949036419139,-0.850265348474255,0.516259071121989,-0.449259655011574,-1.62703203331836,-0.476513359773643,-0.373540102441196,-0.679237540455205
-0.448471867865332,0.29921165948598,-0.699274187541769,-0.869459698970213,-0.333004162230769,-0.2104781439297,-0.627053463841795,1.11796211572606,1.15335114480613,-0.323751946115714,0.0915397992898831,0.740158452655063,0.184835054699465,-0.675523922921553,-0.162118407704644,-0.00992901400324851,0.504303062982942,-0.304336904094676,0.0500287604280325,0.0354381241488348,0.877032440260483,0.187255898587685,0.232211702061271,0.756969579102741,-1.36167188392465,1.99469862709091,0.778510875454107,-0.555159443757375,-0.350984371388643,-1.09719043801786,1.07876798894683,0.0139521397588645,0.645333094842543,-1.49024543425164,0.0463384495331604,1.45550901526115
